Dimension,Evolution Stage,Key Activities,Success Metrics
Swadharma,Discovery,"Self-reflection, values identification, purpose exploration","Values clarity, purpose alignment score, self-awareness level"
Swadharma,Alignment,"Role clarity, dharmic path selection, skill-passion alignment","Role-passion fit, daily decisions aligned with dharma"
Swadharma,Integration,"Daily practice integration, decision alignment with values","Consistent dharmic actions, reduced internal conflicts"
Swadharma,Mastery,"Effortless execution, natural leadership, wisdom sharing","Natural flow state, wisdom sharing frequency, impact depth"
Operating & Organization Skills,Foundation,"Basic planning, time management, goal setting fundamentals","Goal achievement rate, time management efficiency, basic systems"
Operating & Organization Skills,Development,"System creation, process improvement, team coordination","Process effectiveness, team productivity, system reliability"
Operating & Organization Skills,Optimization,"Strategic thinking, resource optimization, efficiency mastery","Strategic goal completion, resource ROI, operational excellence"
Operating & Organization Skills,Leadership,"Organizational design, culture building, strategic leadership","Team performance, cultural health, strategic impact"
Technical Physical & Mind Ability,Assessment,"Physical fitness assessment, cognitive evaluation, skill audit","Fitness benchmarks, cognitive assessments, skill competency"
Technical Physical & Mind Ability,Enhancement,"Targeted training, mind-body practices, skill development","Performance improvements, learning velocity, practice consistency"
Technical Physical & Mind Ability,Integration,"Holistic capability building, performance optimization","Integrated capability score, performance optimization metrics"
Technical Physical & Mind Ability,Excellence,"Peak performance, expertise demonstration, teaching others","Expert recognition, teaching effectiveness, innovation creation"
Social Leverage Network,Building,"Relationship mapping, networking strategy, connection building","Network size and quality, relationship strength, connection frequency"
Social Leverage Network,Expanding,"Network growth, collaboration skills, mutual value creation","Collaborative project success, mutual benefit achievements"
Social Leverage Network,Leveraging,"Strategic partnerships, influence building, resource access","Partnership value creation, influence metrics, resource accessibility"
Social Leverage Network,Influencing,"Thought leadership, industry influence, ecosystem impact","Industry recognition, ecosystem impact, thought leadership metrics"
Financial Model,Planning,"Financial literacy, budgeting, investment basics","Financial literacy score, savings rate, investment knowledge"
Financial Model,Implementing,"Wealth building strategies, diversification, risk management","Portfolio growth, risk-adjusted returns, diversification index"
Financial Model,Scaling,"Business model creation, multiple income streams, asset building","Revenue streams, asset accumulation, business model sustainability"
Financial Model,Sustaining,"Financial independence, legacy planning, philanthropic impact","Financial independence ratio, legacy fund growth, philanthropic impact"
Social Hospitality,Awareness,"Emotional intelligence, empathy development, service mindset","EQ assessment, service quality ratings, relationship satisfaction"
Social Hospitality,Cultivation,"Cultural competency, hospitality skills, relationship building","Cultural fluency, hospitality excellence, community engagement"
Social Hospitality,Practice,"Excellence in service delivery, community engagement","Service delivery excellence, community impact, engagement levels"
Social Hospitality,Service,"Servant leadership, societal contribution, compassionate impact","Leadership effectiveness, societal contribution, compassionate impact"
Personal Brand Marketing,Identity,"Personal identity definition, unique value proposition","Brand clarity, value proposition strength, identity consistency"
Personal Brand Marketing,Visibility,"Content creation, online presence, reputation building","Online presence metrics, content engagement, reputation scores"
Personal Brand Marketing,Authority,"Thought leadership, expertise recognition, influence growth","Thought leadership recognition, expertise validation, influence reach"
Personal Brand Marketing,Legacy,"Lasting impact, mentorship, transformational leadership","Legacy impact measurement, mentorship success, transformation created"
